{
  "image_name": "detector_test_images\\gaussian\\gaussian_test_012.png",
  "prediction": "striping",
  "confidence": 0.524727543175656,
  "stage1_decision": "gaussian",
  "stage1_confidence": 0.6910387095673385,
  "stage1_info": {
    "ks_p_value": 0.27641548382693537,
    "sample_std": 32.8031111291292,
    "sample_mean": 109.5995
  },
  "ensemble_probabilities": {
    "rf": [
      0.34989523809523804,
      0.04136666666666666,
      0.102,
      0.5067380952380953
    ],
    "extra": [
      0.2797951680672269,
      0.11592830882352942,
      0.17015625,
      0.4341202731092437
    ],
    "gb": [
      0.13314098229487872,
      3.2719138117677195e-07,
      0.00019058145039515842,
      0.866668109063345
    ],
    "svm_linear": [
      0.9869052396345698,
      0.005008336478562698,
      0.0034254174497352365,
      0.004661006437132313
    ]
  },
  "processing_time": 0.648836,
  "feature_time": 0.180996,
  "image_shape": [
    128,
    128
  ],
  "mean_intensity": 109.75140380859375,
  "std_intensity": 33.07325932907826,
  "timestamp": "2025-06-12T06:40:36Z",
  "system_version": "final_v1.0",
  "user": "vkhare2909"
}