{
  "image_name": "detector_test_images\\gaussian\\gaussian_test_002.png",
  "prediction": "striping",
  "confidence": 0.5501019161207514,
  "stage1_decision": "gaussian",
  "stage1_confidence": 0.9,
  "stage1_info": {
    "ks_p_value": 0.3725601491531223,
    "sample_std": 33.87672473838048,
    "sample_mean": 107.461
  },
  "ensemble_probabilities": {
    "rf": [
      0.3215769230769231,
      0.07336666666666666,
      0.06238974358974359,
      0.5426666666666667
    ],
    "extra": [
      0.3838392857142857,
      0.13203125,
      0.11640625,
      0.3677232142857143
    ],
    "gb": [
      0.013387326513626226,
      1.0524940266426244e-08,
      3.3894712751027307e-06,
      0.9866092734901584
    ],
    "svm_linear": [
      0.5511431030815398,
      0.2322185536991216,
      0.18464534192769777,
      0.03199300129164088
    ]
  },
  "processing_time": 0.558608,
  "feature_time": 0.156949,
  "image_shape": [
    128,
    128
  ],
  "mean_intensity": 107.83111572265625,
  "std_intensity": 34.12093942009012,
  "timestamp": "2025-06-12T06:40:36Z",
  "system_version": "final_v1.0",
  "user": "vkhare2909"
}