{
  "image_name": "detector_test_images\\gaussian\\gaussian_test_040.png",
  "prediction": "gaussian",
  "confidence": 0.7823493330189459,
  "stage1_decision": null,
  "stage1_confidence": 0.0,
  "stage1_info": {
    "exact_extreme_ratio": 0.02984619140625,
    "sample_std": 73.6216998577016,
    "decision": "full_analysis_required"
  },
  "ensemble_probabilities": {
    "rf": [
      0.8538999999999999,
      0.049433333333333336,
      0.0245,
      0.07216666666666667
    ],
    "extra": [
      0.6,
      0.22625,
      0.04375,
      0.13
    ],
    "gb": [
      0.9999986881285671,
      1.2715576198293733e-07,
      4.94578833883081e-07,
      6.901368368847565e-07
    ],
    "svm_linear": [
      0.5348466098680424,
      0.023725496434064897,
      0.3511442592079695,
      0.09028363448992341
    ]
  },
  "processing_time": 0.600154,
  "feature_time": 0.188454,
  "image_shape": [
    128,
    128
  ],
  "mean_intensity": 127.48504638671875,
  "std_intensity": 74.0978251464138,
  "timestamp": "2025-06-12T06:40:36Z",
  "system_version": "final_v1.0",
  "user": "vkhare2909"
}