{
  "image_name": "detector_test_images\\gaussian\\gaussian_test_015.png",
  "prediction": "gaussian",
  "confidence": 0.6152580354589421,
  "stage1_decision": null,
  "stage1_confidence": 0.0,
  "stage1_info": {
    "exact_extreme_ratio": 0.0,
    "sample_std": 4.906421277265131,
    "decision": "full_analysis_required"
  },
  "ensemble_probabilities": {
    "rf": [
      0.46274444444444446,
      0.08133333333333334,
      0.011666666666666665,
      0.4442555555555555
    ],
    "extra": [
      0.5925,
      0.0925,
      0.0,
      0.315
    ],
    "gb": [
      0.9999970083839848,
      2.772744421961775e-08,
      2.951000625569276e-06,
      1.2887945464701333e-08
    ],
    "svm_linear": [
      0.2554822780739041,
      0.29099150110155,
      0.14477446479877287,
      0.3087517560257731
    ]
  },
  "processing_time": 0.508121,
  "feature_time": 0.184722,
  "image_shape": [
    128,
    128
  ],
  "mean_intensity": 127.52203369140625,
  "std_intensity": 4.999182341819061,
  "timestamp": "2025-06-12T06:40:36Z",
  "system_version": "final_v1.0",
  "user": "vkhare2909"
}