{
  "image_name": "detector_test_images\\gaussian\\gaussian_test_033.png",
  "prediction": "gaussian",
  "confidence": 0.695340398738584,
  "stage1_decision": null,
  "stage1_confidence": 0.0,
  "stage1_info": {
    "exact_extreme_ratio": 0.060791015625,
    "sample_std": 93.39230691550563,
    "decision": "full_analysis_required"
  },
  "ensemble_probabilities": {
    "rf": [
      0.6010666666666667,
      0.1529047619047619,
      0.11796190476190478,
      0.12806666666666666
    ],
    "extra": [
      0.48625,
      0.2325,
      0.125,
      0.15625
    ],
    "gb": [
      0.9996791669033763,
      2.619825675195073e-06,
      0.00030844408107705474,
      9.769189871290876e-06
    ],
    "svm_linear": [
      0.8917227367940643,
      0.003293768510605786,
      0.005903482749286305,
      0.0990800119460437
    ]
  },
  "processing_time": 0.556104,
  "feature_time": 0.177995,
  "image_shape": [
    128,
    128
  ],
  "mean_intensity": 132.42694091796875,
  "std_intensity": 93.55802432341237,
  "timestamp": "2025-06-12T06:40:36Z",
  "system_version": "final_v1.0",
  "user": "vkhare2909"
}