{
  "image_name": "detector_test_images\\gaussian\\gaussian_test_029.png",
  "prediction": "speckle",
  "confidence": 0.6755692597105543,
  "stage1_decision": null,
  "stage1_confidence": 0.0,
  "stage1_info": {
    "exact_extreme_ratio": 0.0,
    "sample_std": 20.616021498764013,
    "decision": "full_analysis_required"
  },
  "ensemble_probabilities": {
    "rf": [
      0.2913590076590077,
      0.006666666666666667,
      0.6999743256743255,
      0.002
    ],
    "extra": [
      0.27125,
      0.0325,
      0.68875,
      0.0075
    ],
    "gb": [
      0.2586046961341027,
      5.309936215271176e-06,
      0.7413849757293177,
      5.018200364448988e-06
    ],
    "svm_linear": [
      0.6093410427469076,
      0.00040509494907127507,
      0.3860700179221082,
      0.00418384438191288
    ]
  },
  "processing_time": 0.579877,
  "feature_time": 0.214495,
  "image_shape": [
    128,
    128
  ],
  "mean_intensity": 109.03717041015625,
  "std_intensity": 20.60559628695752,
  "timestamp": "2025-06-12T06:40:36Z",
  "system_version": "final_v1.0",
  "user": "vkhare2909"
}