{
  "image_name": "detector_test_images\\gaussian\\gaussian_test_004.png",
  "prediction": "gaussian",
  "confidence": 0.8862171751835647,
  "stage1_decision": null,
  "stage1_confidence": 0.0,
  "stage1_info": {
    "exact_extreme_ratio": 0.02703857421875,
    "sample_std": 58.87595463716491,
    "decision": "full_analysis_required"
  },
  "ensemble_probabilities": {
    "rf": [
      0.885,
      0.029333333333333333,
      0.06266666666666666,
      0.023
    ],
    "extra": [
      0.76125,
      0.05875,
      0.1325,
      0.0475
    ],
    "gb": [
      0.9999993593223898,
      4.010255417845405e-08,
      5.919077224156289e-07,
      8.667333586245794e-09
    ],
    "svm_linear": [
      0.9809233535296724,
      0.0005594367458858785,
      0.013348961983243078,
      0.005168247741198797
    ]
  },
  "processing_time": 0.514847,
  "feature_time": 0.149394,
  "image_shape": [
    128,
    128
  ],
  "mean_intensity": 137.608154296875,
  "std_intensity": 58.65676317463,
  "timestamp": "2025-06-12T06:40:36Z",
  "system_version": "final_v1.0",
  "user": "vkhare2909"
}