{
  "image_name": "detector_test_images\\gaussian\\gaussian_test_020.png",
  "prediction": "gaussian",
  "confidence": 0.784687387728714,
  "stage1_decision": null,
  "stage1_confidence": 0.0,
  "stage1_info": {
    "exact_extreme_ratio": 0.05224609375,
    "sample_std": 75.26874355891361,
    "decision": "full_analysis_required"
  },
  "ensemble_probabilities": {
    "rf": [
      0.8267333333333332,
      0.0716,
      0.05583333333333334,
      0.04583333333333333
    ],
    "extra": [
      0.61375,
      0.21875,
      0.07625,
      0.09125
    ],
    "gb": [
      0.9958966118057739,
      0.00410073235913662,
      2.62999142208462e-06,
      2.5843667475774948e-08
    ],
    "svm_linear": [
      0.6223156811060396,
      0.001765474720954532,
      0.36427192665698815,
      0.011646917516017399
    ]
  },
  "processing_time": 0.540716,
  "feature_time": 0.162764,
  "image_shape": [
    128,
    128
  ],
  "mean_intensity": 124.57293701171875,
  "std_intensity": 74.59036686869413,
  "timestamp": "2025-06-12T06:40:36Z",
  "system_version": "final_v1.0",
  "user": "vkhare2909"
}