{
  "image_name": "detector_test_images\\gaussian\\gaussian_test_039.png",
  "prediction": "gaussian",
  "confidence": 0.7335832850800976,
  "stage1_decision": "gaussian",
  "stage1_confidence": 0.8771164232857226,
  "stage1_info": {
    "ks_p_value": 0.35084656931428904,
    "sample_std": 35.97284016362206,
    "sample_mean": 109.85675
  },
  "ensemble_probabilities": {
    "rf": [
      0.6416881818181818,
      0.0405,
      0.26656333333333326,
      0.05124848484848484
    ],
    "extra": [
      0.6633934237786977,
      0.08044710806697107,
      0.19365946815433116,
      0.0625
    ],
    "gb": [
      0.998140117565455,
      1.2462915943750122e-06,
      0.0018573357746995913,
      1.300368251184562e-06
    ],
    "svm_linear": [
      0.6043936491876095,
      0.1557857387493308,
      0.1862695729382893,
      0.05355103912477052
    ]
  },
  "processing_time": 0.540369,
  "feature_time": 0.174953,
  "image_shape": [
    128,
    128
  ],
  "mean_intensity": 109.51043701171875,
  "std_intensity": 35.97618181061394,
  "timestamp": "2025-06-12T06:40:36Z",
  "system_version": "final_v1.0",
  "user": "vkhare2909"
}