{
  "image_name": "detector_test_images\\gaussian\\gaussian_test_003.png",
  "prediction": "gaussian",
  "confidence": 0.685049116882834,
  "stage1_decision": null,
  "stage1_confidence": 0.0,
  "stage1_info": {
    "exact_extreme_ratio": 0.12359619140625,
    "sample_std": 93.69140865062015,
    "decision": "full_analysis_required"
  },
  "ensemble_probabilities": {
    "rf": [
      0.6021666666666666,
      0.16190476190476188,
      0.15359523809523806,
      0.08233333333333334
    ],
    "extra": [
      0.455,
      0.245,
      0.20375,
      0.09625
    ],
    "gb": [
      0.9997795484269656,
      4.294791182736081e-06,
      0.00019866355249819383,
      1.7493229353468468e-05
    ],
    "svm_linear": [
      0.8784589644275923,
      0.005704713695772585,
      0.05919184715249179,
      0.056644474724143586
    ]
  },
  "processing_time": 0.527219,
  "feature_time": 0.186108,
  "image_shape": [
    128,
    128
  ],
  "mean_intensity": 130.54339599609375,
  "std_intensity": 93.50506843919624,
  "timestamp": "2025-06-12T06:40:36Z",
  "system_version": "final_v1.0",
  "user": "vkhare2909"
}