{
  "image_name": "detector_test_images\\gaussian\\gaussian_test_024.png",
  "prediction": "gaussian",
  "confidence": 0.866482914908858,
  "stage1_decision": null,
  "stage1_confidence": 0.0,
  "stage1_info": {
    "exact_extreme_ratio": 0.0120849609375,
    "sample_std": 55.061348534498315,
    "decision": "full_analysis_required"
  },
  "ensemble_probabilities": {
    "rf": [
      0.8666380952380952,
      0.040571428571428564,
      0.0717904761904762,
      0.021
    ],
    "extra": [
      0.72,
      0.12375,
      0.13375,
      0.0225
    ],
    "gb": [
      0.99999884860707,
      2.2309111812056423e-08,
      1.1102982490066842e-06,
      1.8785569227222784e-08
    ],
    "svm_linear": [
      0.9715986942375722,
      0.0004887748742765577,
      0.02525164046769282,
      0.0026608904204584527
    ]
  },
  "processing_time": 0.549217,
  "feature_time": 0.189497,
  "image_shape": [
    128,
    128
  ],
  "mean_intensity": 136.6195068359375,
  "std_intensity": 54.69971850425091,
  "timestamp": "2025-06-12T06:40:36Z",
  "system_version": "final_v1.0",
  "user": "vkhare2909"
}