{
  "image_name": "detector_test_images\\gaussian\\gaussian_test_036.png",
  "prediction": "gaussian",
  "confidence": 0.6928233787002405,
  "stage1_decision": null,
  "stage1_confidence": 0.0,
  "stage1_info": {
    "exact_extreme_ratio": 0.0,
    "sample_std": 4.946023093102174,
    "decision": "full_analysis_required"
  },
  "ensemble_probabilities": {
    "rf": [
      0.46534444444444445,
      0.07733333333333334,
      0.014666666666666666,
      0.4426555555555556
    ],
    "extra": [
      0.6,
      0.0875,
      0.0,
      0.3125
    ],
    "gb": [
      0.9999987294460528,
      1.028937324246259e-08,
      1.2533957797470333e-06,
      6.8687941678275065e-09
    ],
    "svm_linear": [
      0.999531407831718,
      3.138174807481304e-07,
      9.18652137365931e-06,
      0.00045909182942746113
    ]
  },
  "processing_time": 0.494812,
  "feature_time": 0.162065,
  "image_shape": [
    128,
    128
  ],
  "mean_intensity": 191.484130859375,
  "std_intensity": 4.985904656197141,
  "timestamp": "2025-06-12T06:40:36Z",
  "system_version": "final_v1.0",
  "user": "vkhare2909"
}