{
  "image_name": "detector_test_images\\gaussian\\gaussian_test_011.png",
  "prediction": "gaussian",
  "confidence": 0.8795984466149896,
  "stage1_decision": null,
  "stage1_confidence": 0.0,
  "stage1_info": {
    "exact_extreme_ratio": 0.02581787109375,
    "sample_std": 58.99377302732891,
    "decision": "full_analysis_required"
  },
  "ensemble_probabilities": {
    "rf": [
      0.8650000000000001,
      0.041333333333333326,
      0.07066666666666666,
      0.023
    ],
    "extra": [
      0.765,
      0.04125,
      0.14625,
      0.0475
    ],
    "gb": [
      0.9999992451666988,
      1.0381333595733026e-08,
      7.350209236165114e-07,
      9.431044175337972e-09
    ],
    "svm_linear": [
      0.9734863532331495,
      0.0016543744699401433,
      0.01751335578205754,
      0.007345916514852862
    ]
  },
  "processing_time": 0.499198,
  "feature_time": 0.136825,
  "image_shape": [
    128,
    128
  ],
  "mean_intensity": 136.94915771484375,
  "std_intensity": 58.424932142226396,
  "timestamp": "2025-06-12T06:40:36Z",
  "system_version": "final_v1.0",
  "user": "vkhare2909"
}