{
  "image_name": "detector_test_images\\gaussian\\gaussian_test_001.png",
  "prediction": "gaussian",
  "confidence": 0.624928373871458,
  "stage1_decision": null,
  "stage1_confidence": 0.0,
  "stage1_info": {
    "exact_extreme_ratio": 0.00091552734375,
    "sample_std": 51.80887957133893,
    "decision": "full_analysis_required"
  },
  "ensemble_probabilities": {
    "rf": [
      0.3972777777777778,
      0.09333333333333332,
      0.0276,
      0.4817888888888888
    ],
    "extra": [
      0.465,
      0.19375,
      0.05625,
      0.285
    ],
    "gb": [
      0.9999965060831161,
      7.712381922101886e-09,
      3.682899625808309e-07,
      3.1179145394069135e-06
    ],
    "svm_linear": [
      0.9638202512845682,
      0.0007154895024192961,
      0.026370543283457164,
      0.00909371592955549
    ]
  },
  "processing_time": 0.589206,
  "feature_time": 0.193564,
  "image_shape": [
    128,
    128
  ],
  "mean_intensity": 137.0069580078125,
  "std_intensity": 51.6550384142565,
  "timestamp": "2025-06-12T06:40:36Z",
  "system_version": "final_v1.0",
  "user": "vkhare2909"
}