{
  "image_name": "detector_test_images\\gaussian\\gaussian_test_034.png",
  "prediction": "gaussian",
  "confidence": 0.8894061549835767,
  "stage1_decision": null,
  "stage1_confidence": 0.0,
  "stage1_info": {
    "exact_extreme_ratio": 0.00726318359375,
    "sample_std": 53.51936703428022,
    "decision": "full_analysis_required"
  },
  "ensemble_probabilities": {
    "rf": [
      0.9222714285714285,
      0.018071428571428568,
      0.03865714285714286,
      0.021
    ],
    "extra": [
      0.7425,
      0.14125,
      0.08375,
      0.0325
    ],
    "gb": [
      0.9999991283171108,
      1.4325688798772797e-08,
      8.439125586967728e-07,
      1.3444641567300424e-08
    ],
    "svm_linear": [
      0.9386137290429911,
      0.0004974868814675098,
      0.056728757903842936,
      0.004160026171698479
    ]
  },
  "processing_time": 0.541649,
  "feature_time": 0.195829,
  "image_shape": [
    128,
    128
  ],
  "mean_intensity": 136.10589599609375,
  "std_intensity": 53.57600794522307,
  "timestamp": "2025-06-12T06:40:36Z",
  "system_version": "final_v1.0",
  "user": "vkhare2909"
}