{
  "image_name": "detector_test_images\\gaussian\\gaussian_test_027.png",
  "prediction": "gaussian",
  "confidence": 0.7657790861356936,
  "stage1_decision": null,
  "stage1_confidence": 0.0,
  "stage1_info": {
    "exact_extreme_ratio": 0.0513916015625,
    "sample_std": 74.00874907358926,
    "decision": "full_analysis_required"
  },
  "ensemble_probabilities": {
    "rf": [
      0.8579,
      0.06459999999999999,
      0.035166666666666666,
      0.04233333333333333
    ],
    "extra": [
      0.61125,
      0.2075,
      0.1,
      0.08125
    ],
    "gb": [
      0.9976472416436472,
      0.0023510053685121776,
      1.7381763336076824e-06,
      1.4811507166872575e-08
    ],
    "svm_linear": [
      0.3272727572478188,
      0.0029337651148583074,
      0.651809517210283,
      0.017983960427039484
    ]
  },
  "processing_time": 0.570494,
  "feature_time": 0.191984,
  "image_shape": [
    128,
    128
  ],
  "mean_intensity": 124.712890625,
  "std_intensity": 74.50353562842822,
  "timestamp": "2025-06-12T06:40:36Z",
  "system_version": "final_v1.0",
  "user": "vkhare2909"
}