{
  "image_name": "detector_test_images\\gaussian\\gaussian_test_005.png",
  "prediction": "gaussian",
  "confidence": 0.9913337067894965,
  "stage1_decision": null,
  "stage1_confidence": 0.0,
  "stage1_info": {
    "exact_extreme_ratio": 0.0,
    "sample_std": 8.03228578534778,
    "decision": "full_analysis_required"
  },
  "ensemble_probabilities": {
    "rf": [
      0.984,
      0.002333333333333333,
      0.013666666666666666,
      0.0
    ],
    "extra": [
      1.0,
      0.0,
      0.0,
      0.0
    ],
    "gb": [
      0.9999994887159095,
      4.333025259998368e-09,
      5.030559249909638e-07,
      3.895140234900165e-09
    ],
    "svm_linear": [
      0.9693383461051918,
      0.01524403961251699,
      0.0007989157737478784,
      0.014618698508543325
    ]
  },
  "processing_time": 0.460501,
  "feature_time": 0.132275,
  "image_shape": [
    128,
    128
  ],
  "mean_intensity": 129.477294921875,
  "std_intensity": 8.03146109322129,
  "timestamp": "2025-06-12T06:40:36Z",
  "system_version": "final_v1.0",
  "user": "vkhare2909"
}