{
  "image_name": "detector_test_images\\gaussian\\gaussian_test_013.png",
  "prediction": "gaussian",
  "confidence": 0.6663779067590361,
  "stage1_decision": null,
  "stage1_confidence": 0.0,
  "stage1_info": {
    "exact_extreme_ratio": 0.10302734375,
    "sample_std": 93.75760782431205,
    "decision": "full_analysis_required"
  },
  "ensemble_probabilities": {
    "rf": [
      0.5257666666666666,
      0.23663809523809526,
      0.15792857142857142,
      0.07966666666666668
    ],
    "extra": [
      0.46125,
      0.255,
      0.165,
      0.11875
    ],
    "gb": [
      0.9989858469631276,
      3.174515760122898e-05,
      0.0009392973522643158,
      4.311052700671666e-05
    ],
    "svm_linear": [
      0.9423811168492089,
      0.003331229881041266,
      0.011956692310974935,
      0.042330960958775116
    ]
  },
  "processing_time": 0.541946,
  "feature_time": 0.169654,
  "image_shape": [
    128,
    128
  ],
  "mean_intensity": 129.42401123046875,
  "std_intensity": 93.67716161126384,
  "timestamp": "2025-06-12T06:40:36Z",
  "system_version": "final_v1.0",
  "user": "vkhare2909"
}