{
  "image_name": "detector_test_images\\gaussian\\gaussian_test_025.png",
  "prediction": "gaussian",
  "confidence": 0.7397697342440649,
  "stage1_decision": "gaussian",
  "stage1_confidence": 0.9,
  "stage1_info": {
    "ks_p_value": 0.6739221670292992,
    "sample_std": 30.258385465850623,
    "sample_mean": 127.603
  },
  "ensemble_probabilities": {
    "rf": [
      0.7374049816849815,
      0.029666666666666664,
      0.16732835164835166,
      0.0656
    ],
    "extra": [
      0.5804019439967768,
      0.0529552780016116,
      0.21405821917808218,
      0.15258455882352942
    ],
    "gb": [
      0.9989476725535803,
      1.5924219234971732e-06,
      0.001049637987994161,
      1.0970365020152084e-06
    ],
    "svm_linear": [
      0.5782048931689331,
      0.1435989064130438,
      0.1672843071230735,
      0.11091189329494969
    ]
  },
  "processing_time": 0.47746,
  "feature_time": 0.166075,
  "image_shape": [
    128,
    128
  ],
  "mean_intensity": 127.7215576171875,
  "std_intensity": 30.057088570835976,
  "timestamp": "2025-06-12T06:40:36Z",
  "system_version": "final_v1.0",
  "user": "vkhare2909"
}