{
  "image_name": "detector_test_images\\gaussian\\gaussian_test_009.png",
  "prediction": "speckle",
  "confidence": 0.5541754301069355,
  "stage1_decision": null,
  "stage1_confidence": 0.0,
  "stage1_info": {
    "exact_extreme_ratio": 0.0,
    "sample_std": 23.312914574061733,
    "decision": "full_analysis_required"
  },
  "ensemble_probabilities": {
    "rf": [
      0.30145164835164834,
      0.0,
      0.6985483516483515,
      0.0
    ],
    "extra": [
      0.1375,
      0.0025,
      0.86,
      0.0
    ],
    "gb": [
      0.943611329421011,
      8.276506250303115e-07,
      0.05638706617971897,
      7.767486449242939e-07
    ],
    "svm_linear": [
      0.6179688567120944,
      0.0003597424700859659,
      0.3758674048508265,
      0.005803995966992994
    ]
  },
  "processing_time": 0.503554,
  "feature_time": 0.126753,
  "image_shape": [
    128,
    128
  ],
  "mean_intensity": 109.0982666015625,
  "std_intensity": 23.46254103792399,
  "timestamp": "2025-06-12T06:40:36Z",
  "system_version": "final_v1.0",
  "user": "vkhare2909"
}