{
  "image_name": "BSD_Noised_speckle\\speckle_noise\\speckle_12084_36462.jpg",
  "prediction": "speckle",
  "confidence": 0.7142301869486782,
  "stage1_decision": null,
  "stage1_confidence": 0.0,
  "stage1_info": {
    "exact_extreme_ratio": 0.1337750403170964,
    "sample_std": 84.17746482188686,
    "log_variance": 2.4706596180697837,
    "decision": "full_analysis_required"
  },
  "ensemble_probabilities": {
    "rf": [
      0.04583333333333333,
      0.06194444444444444,
      0.8785555555555558,
      0.013666666666666666
    ],
    "extra": [
      0.084,
      0.112,
      0.76,
      0.044
    ],
    "gb": [
      0.2850570230843925,
      2.0553927593123598e-08,
      0.7149429500169295,
      6.3447503648784155e-09
    ],
    "svm_linear": [
      0.9999998499999627,
      5.0000012473676575e-08,
      5.00000124736777e-08,
      5.000001247367883e-08
    ]
  },
  "detailed_analysis": {
    "log_variance": 2.4706596180697837,
    "intensity_variance_correlation": 0.1283133606538105,
    "extreme_pixel_ratio": 0.1337750403170964,
    "edge_density": 0.36879294823220055,
    "ensemble_probabilities": {
      "rf": [
        0.04583333333333333,
        0.06194444444444444,
        0.8785555555555558,
        0.013666666666666666
      ],
      "extra": [
        0.084,
        0.112,
        0.76,
        0.044
      ],
      "gb": [
        0.2850570230843925,
        2.0553927593123598e-08,
        0.7149429500169295,
        6.3447503648784155e-09
      ],
      "svm_linear": [
        0.9999998499999627,
        5.0000012473676575e-08,
        5.00000124736777e-08,
        5.000001247367883e-08
      ]
    },
    "stage1_info": {
      "exact_extreme_ratio": 0.1337750403170964,
      "sample_std": 84.17746482188686,
      "log_variance": 2.4706596180697837,
      "decision": "full_analysis_required"
    }
  },
  "processing_time": 6.532653,
  "feature_time": 6.219403,
  "image_shape": [
    321,
    481
  ],
  "mean_intensity": 124.590844618882,
  "std_intensity": 83.71645525614791,
  "timestamp": "2025-06-13T02:02:17Z",
  "system_version": "optimized_ultra_final_v2.0_fast",
  "user": "vkhare2909"
}