{
  "image_name": "BSD_Noised_speckle\\speckle_noise\\speckle_163085_36342.jpg",
  "prediction": "speckle",
  "confidence": 0.7151363592949782,
  "stage1_decision": null,
  "stage1_confidence": 0.0,
  "stage1_info": {
    "exact_extreme_ratio": 0.12692922973296805,
    "sample_std": 83.26781672435035,
    "log_variance": 2.723746404585542,
    "decision": "full_analysis_required"
  },
  "ensemble_probabilities": {
    "rf": [
      0.05416666666666667,
      0.04527777777777777,
      0.8879999999999999,
      0.012555555555555556
    ],
    "extra": [
      0.124,
      0.084,
      0.752,
      0.04
    ],
    "gb": [
      0.28505456014152203,
      1.6333540133486657e-08,
      0.7149454171799079,
      6.3450298810606315e-09
    ],
    "svm_linear": [
      0.9999998499999627,
      5.0000012473676575e-08,
      5.00000124736777e-08,
      5.000001247367883e-08
    ]
  },
  "detailed_analysis": {
    "log_variance": 2.723746404585542,
    "intensity_variance_correlation": 0.3324851206957109,
    "extreme_pixel_ratio": 0.12692922973296805,
    "edge_density": 0.3693305095174254,
    "ensemble_probabilities": {
      "rf": [
        0.05416666666666667,
        0.04527777777777777,
        0.8879999999999999,
        0.012555555555555556
      ],
      "extra": [
        0.124,
        0.084,
        0.752,
        0.04
      ],
      "gb": [
        0.28505456014152203,
        1.6333540133486657e-08,
        0.7149454171799079,
        6.3450298810606315e-09
      ],
      "svm_linear": [
        0.9999998499999627,
        5.0000012473676575e-08,
        5.00000124736777e-08,
        5.000001247367883e-08
      ]
    },
    "stage1_info": {
      "exact_extreme_ratio": 0.12692922973296805,
      "sample_std": 83.26781672435035,
      "log_variance": 2.723746404585542,
      "decision": "full_analysis_required"
    }
  },
  "processing_time": 5.299926,
  "feature_time": 5.001998,
  "image_shape": [
    321,
    481
  ],
  "mean_intensity": 120.92252640850772,
  "std_intensity": 83.62938779997073,
  "timestamp": "2025-06-13T02:02:17Z",
  "system_version": "optimized_ultra_final_v2.0_fast",
  "user": "vkhare2909"
}