{
  "image_name": "BSD_Noised_speckle\\speckle_noise\\speckle_175043_36449.jpg",
  "prediction": "speckle",
  "confidence": 0.7130976155288496,
  "stage1_decision": null,
  "stage1_confidence": 0.0,
  "stage1_info": {
    "exact_extreme_ratio": 0.13576984605021988,
    "sample_std": 84.10728477343685,
    "log_variance": 2.4644958478002,
    "decision": "full_analysis_required"
  },
  "ensemble_probabilities": {
    "rf": [
      0.0525,
      0.06194444444444444,
      0.871888888888889,
      0.013666666666666666
    ],
    "extra": [
      0.08,
      0.112,
      0.764,
      0.044
    ],
    "gb": [
      0.2850539698549103,
      2.612945874398503e-08,
      0.7149459976709486,
      6.34468245512891e-09
    ],
    "svm_linear": [
      0.9999998499999627,
      5.0000012473676575e-08,
      5.00000124736777e-08,
      5.000001247367883e-08
    ]
  },
  "detailed_analysis": {
    "log_variance": 2.4644958478002,
    "intensity_variance_correlation": 0.08991674069282506,
    "extreme_pixel_ratio": 0.13576984605021988,
    "edge_density": 0.3698421642346876,
    "ensemble_probabilities": {
      "rf": [
        0.0525,
        0.06194444444444444,
        0.871888888888889,
        0.013666666666666666
      ],
      "extra": [
        0.08,
        0.112,
        0.764,
        0.044
      ],
      "gb": [
        0.2850539698549103,
        2.612945874398503e-08,
        0.7149459976709486,
        6.34468245512891e-09
      ],
      "svm_linear": [
        0.9999998499999627,
        5.0000012473676575e-08,
        5.00000124736777e-08,
        5.000001247367883e-08
      ]
    },
    "stage1_info": {
      "exact_extreme_ratio": 0.13576984605021988,
      "sample_std": 84.10728477343685,
      "log_variance": 2.4644958478002,
      "decision": "full_analysis_required"
    }
  },
  "processing_time": 5.086145,
  "feature_time": 4.827943,
  "image_shape": [
    321,
    481
  ],
  "mean_intensity": 125.67384278599232,
  "std_intensity": 83.82860153507623,
  "timestamp": "2025-06-13T02:02:17Z",
  "system_version": "optimized_ultra_final_v2.0_fast",
  "user": "vkhare2909"
}