{
  "image_name": "BSD_Noised_speckle\\speckle_noise\\speckle_285079_36302.jpg",
  "prediction": "speckle",
  "confidence": 0.7145218577611403,
  "stage1_decision": null,
  "stage1_confidence": 0.0,
  "stage1_info": {
    "exact_extreme_ratio": 0.1300509711724665,
    "sample_std": 84.1404235385109,
    "log_variance": 2.45455117008157,
    "decision": "full_analysis_required"
  },
  "ensemble_probabilities": {
    "rf": [
      0.04555555555555556,
      0.06027777777777777,
      0.8793888888888891,
      0.014777777777777779
    ],
    "extra": [
      0.08,
      0.12,
      0.76,
      0.04
    ],
    "gb": [
      0.2850570065009525,
      2.0553928069874263e-08,
      0.7149429666001117,
      6.345007701789832e-09
    ],
    "svm_linear": [
      0.9999998499999627,
      5.0000012473676575e-08,
      5.00000124736777e-08,
      5.000001247367883e-08
    ]
  },
  "detailed_analysis": {
    "log_variance": 2.45455117008157,
    "intensity_variance_correlation": 0.18837304774822225,
    "extreme_pixel_ratio": 0.1300509711724665,
    "edge_density": 0.3702566693220899,
    "ensemble_probabilities": {
      "rf": [
        0.04555555555555556,
        0.06027777777777777,
        0.8793888888888891,
        0.014777777777777779
      ],
      "extra": [
        0.08,
        0.12,
        0.76,
        0.04
      ],
      "gb": [
        0.2850570065009525,
        2.0553928069874263e-08,
        0.7149429666001117,
        6.345007701789832e-09
      ],
      "svm_linear": [
        0.9999998499999627,
        5.0000012473676575e-08,
        5.00000124736777e-08,
        5.000001247367883e-08
      ]
    },
    "stage1_info": {
      "exact_extreme_ratio": 0.1300509711724665,
      "sample_std": 84.1404235385109,
      "log_variance": 2.45455117008157,
      "decision": "full_analysis_required"
    }
  },
  "processing_time": 5.169753,
  "feature_time": 4.875157,
  "image_shape": [
    481,
    321
  ],
  "mean_intensity": 124.08089973510535,
  "std_intensity": 83.38274265886018,
  "timestamp": "2025-06-13T02:02:17Z",
  "system_version": "optimized_ultra_final_v2.0_fast",
  "user": "vkhare2909"
}