{
  "image_name": "detector_test_images\\salt_pepper\\salt_pepper_test_026.png",
  "prediction": "salt_pepper",
  "confidence": 0.8606165168705436,
  "stage1_decision": null,
  "stage1_confidence": 0.0,
  "stage1_info": {
    "exact_extreme_ratio": 0.02008056640625,
    "sample_std": 54.22011971526345,
    "decision": "full_analysis_required"
  },
  "ensemble_probabilities": {
    "rf": [
      0.10152857142857143,
      0.7978333333333334,
      0.0654,
      0.03523809523809524
    ],
    "extra": [
      0.13375,
      0.77125,
      0.01,
      0.085
    ],
    "gb": [
      1.039190297686605e-07,
      0.9999997973049464,
      9.79187888807476e-08,
      8.57234793436182e-10
    ],
    "svm_linear": [
      1.3515714483138129e-11,
      0.9999990087764032,
      9.048309721846534e-07,
      8.637910878557211e-08
    ]
  },
  "processing_time": 0.510461,
  "feature_time": 0.13375,
  "image_shape": [
    128,
    128
  ],
  "mean_intensity": 137.7176513671875,
  "std_intensity": 53.86169459350424,
  "timestamp": "2025-06-12T06:40:36Z",
  "system_version": "final_v1.0",
  "user": "vkhare2909"
}