{
  "image_name": "detector_test_images\\salt_pepper\\salt_pepper_test_003.png",
  "prediction": "salt_pepper",
  "confidence": 0.6372783684637789,
  "stage1_decision": null,
  "stage1_confidence": 0.0,
  "stage1_info": {
    "exact_extreme_ratio": 0.07000732421875,
    "sample_std": 40.51825415476338,
    "decision": "full_analysis_required"
  },
  "ensemble_probabilities": {
    "rf": [
      0.12343333333333335,
      0.5152333333333332,
      0.3221666666666666,
      0.03916666666666666
    ],
    "extra": [
      0.1375,
      0.4825,
      0.3575,
      0.0225
    ],
    "gb": [
      0.0029684963236953914,
      0.8550757672917714,
      0.044770891887984304,
      0.09718484449654878
    ],
    "svm_linear": [
      0.00010496862390133666,
      0.9842775997416954,
      0.012275922520918156,
      0.0033415091134850685
    ]
  },
  "processing_time": 0.538085,
  "feature_time": 0.150828,
  "image_shape": [
    128,
    128
  ],
  "mean_intensity": 91.297607421875,
  "std_intensity": 40.11703829862936,
  "timestamp": "2025-06-12T06:40:36Z",
  "system_version": "final_v1.0",
  "user": "vkhare2909"
}