{
  "image_name": "detector_test_images\\salt_pepper\\salt_pepper_test_035.png",
  "prediction": "salt_pepper",
  "confidence": 0.9544958074770912,
  "stage1_decision": "speckle",
  "stage1_confidence": 0.88,
  "stage1_info": {
    "intensity_var_correlation": 0.9045839608050354,
    "mean_cv": 0.6132716006004386,
    "num_patches": 36
  },
  "ensemble_probabilities": {
    "rf": [
      0.005,
      0.9364166666666667,
      0.05038333333333333,
      0.008199999999999999
    ],
    "extra": [
      0.0075,
      0.9225,
      0.0575,
      0.0125
    ],
    "gb": [
      6.8853629411953125e-09,
      0.9999999565750523,
      3.647263851300714e-08,
      6.694636249872328e-11
    ],
    "svm_linear": [
      1.4000043785450592e-14,
      0.9999998499999484,
      1.0000002494615065e-07,
      5.000001247367688e-08
    ]
  },
  "processing_time": 0.508947,
  "feature_time": 0.18033,
  "image_shape": [
    128,
    128
  ],
  "mean_intensity": 73.139404296875,
  "std_intensity": 45.32723736674659,
  "timestamp": "2025-06-12T06:40:36Z",
  "system_version": "final_v1.0",
  "user": "vkhare2909"
}