{
  "image_name": "detector_test_images\\salt_pepper\\salt_pepper_test_029.png",
  "prediction": "salt_pepper",
  "confidence": 0.8521142568855069,
  "stage1_decision": null,
  "stage1_confidence": 0.0,
  "stage1_info": {
    "exact_extreme_ratio": 0.00994873046875,
    "sample_std": 40.98696301798292,
    "decision": "full_analysis_required"
  },
  "ensemble_probabilities": {
    "rf": [
      0.0677,
      0.8239000000000001,
      0.06873333333333334,
      0.03966666666666666
    ],
    "extra": [
      0.0975,
      0.7125,
      0.05625,
      0.13375
    ],
    "gb": [
      5.698300368312833e-08,
      0.9999998647250309,
      7.756516217893194e-08,
      7.268032037367475e-10
    ],
    "svm_linear": [
      1.3825535333017803e-10,
      0.9999929070424922,
      2.9804894377882508e-06,
      4.112329814328885e-06
    ]
  },
  "processing_time": 0.509843,
  "feature_time": 0.175907,
  "image_shape": [
    128,
    128
  ],
  "mean_intensity": 127.48858642578125,
  "std_intensity": 41.0083921194493,
  "timestamp": "2025-06-12T06:40:36Z",
  "system_version": "final_v1.0",
  "user": "vkhare2909"
}