{
  "image_name": "detector_test_images\\salt_pepper\\salt_pepper_test_030.png",
  "prediction": "salt_pepper",
  "confidence": 0.954046627817113,
  "stage1_decision": "speckle",
  "stage1_confidence": 0.88,
  "stage1_info": {
    "intensity_var_correlation": 0.7785626248004485,
    "mean_cv": 1.7084433481021892,
    "num_patches": 13
  },
  "ensemble_probabilities": {
    "rf": [
      0.002,
      0.9201333333333334,
      0.07686666666666665,
      0.001
    ],
    "extra": [
      0.0075,
      0.94,
      0.0525,
      0.0
    ],
    "gb": [
      4.594678191156803e-09,
      0.9999999867890781,
      8.54790901931397e-09,
      6.833486789404524e-11
    ],
    "svm_linear": [
      6.804191631658252e-14,
      0.9999996445317689,
      3.220607022994949e-07,
      3.340746068597363e-08
    ]
  },
  "processing_time": 2.524845,
  "feature_time": 2.179066,
  "image_shape": [
    128,
    128
  ],
  "mean_intensity": 22.6611328125,
  "std_intensity": 72.56074646006431,
  "timestamp": "2025-06-12T06:40:36Z",
  "system_version": "final_v1.0",
  "user": "vkhare2909"
}