{
  "image_name": "detector_test_images\\salt_pepper\\salt_pepper_test_007.png",
  "prediction": "salt_pepper",
  "confidence": 0.77726429903174,
  "stage1_decision": null,
  "stage1_confidence": 0.0,
  "stage1_info": {
    "exact_extreme_ratio": 0.08721923828125,
    "sample_std": 79.42697793571149,
    "decision": "full_analysis_required"
  },
  "ensemble_probabilities": {
    "rf": [
      0.11789999999999999,
      0.6767333333333333,
      0.1557,
      0.04966666666666667
    ],
    "extra": [
      0.15,
      0.635,
      0.125,
      0.09
    ],
    "gb": [
      5.0633592038549744e-08,
      0.9999998665220582,
      8.213854089292113e-08,
      7.058085983363498e-10
    ],
    "svm_linear": [
      0.0009040943700763517,
      0.9990766573455874,
      1.75043583031012e-05,
      1.7439260333792393e-06
    ]
  },
  "processing_time": 0.513493,
  "feature_time": 0.141269,
  "image_shape": [
    128,
    128
  ],
  "mean_intensity": 130.03192138671875,
  "std_intensity": 79.46543288440289,
  "timestamp": "2025-06-12T06:40:36Z",
  "system_version": "final_v1.0",
  "user": "vkhare2909"
}