{
  "image_name": "detector_test_images\\salt_pepper\\salt_pepper_test_012.png",
  "prediction": "salt_pepper",
  "confidence": 0.8647795301412886,
  "stage1_decision": null,
  "stage1_confidence": 0.0,
  "stage1_info": {
    "exact_extreme_ratio": 0.01995849609375,
    "sample_std": 42.50583506928784,
    "decision": "full_analysis_required"
  },
  "ensemble_probabilities": {
    "rf": [
      0.09770000000000001,
      0.8408000000000001,
      0.03233333333333334,
      0.029166666666666664
    ],
    "extra": [
      0.115,
      0.735,
      0.0425,
      0.1075
    ],
    "gb": [
      8.291229520745062e-08,
      0.9999998615457589,
      5.4985285180067836e-08,
      5.566606570132797e-10
    ],
    "svm_linear": [
      2.415341260546422e-11,
      0.9999956475484878,
      3.4899678841617757e-06,
      8.624594746626354e-07
    ]
  },
  "processing_time": 0.567516,
  "feature_time": 0.158343,
  "image_shape": [
    128,
    128
  ],
  "mean_intensity": 127.94171142578125,
  "std_intensity": 42.74388129412965,
  "timestamp": "2025-06-12T06:40:36Z",
  "system_version": "final_v1.0",
  "user": "vkhare2909"
}