{
  "image_name": "detector_test_images\\salt_pepper\\salt_pepper_test_008.png",
  "prediction": "salt_pepper",
  "confidence": 0.8256714223931251,
  "stage1_decision": null,
  "stage1_confidence": 0.0,
  "stage1_info": {
    "exact_extreme_ratio": 0.0177001953125,
    "sample_std": 74.34388227016396,
    "decision": "full_analysis_required"
  },
  "ensemble_probabilities": {
    "rf": [
      0.07692857142857142,
      0.7226333333333333,
      0.12673333333333334,
      0.07370476190476191
    ],
    "extra": [
      0.065,
      0.7425,
      0.03,
      0.1625
    ],
    "gb": [
      1.0240783855273767e-07,
      0.9999990576511776,
      8.381928719964562e-07,
      1.7481119467278551e-09
    ],
    "svm_linear": [
      2.9092572043473364e-14,
      0.9999999131366398,
      3.33345988666192e-08,
      5.352873227115326e-08
    ]
  },
  "processing_time": 0.511523,
  "feature_time": 0.145624,
  "image_shape": [
    128,
    128
  ],
  "mean_intensity": 125.93426513671875,
  "std_intensity": 74.62084671442001,
  "timestamp": "2025-06-12T06:40:36Z",
  "system_version": "final_v1.0",
  "user": "vkhare2909"
}