{
  "image_name": "detector_test_images\\salt_pepper\\salt_pepper_test_002.png",
  "prediction": "salt_pepper",
  "confidence": 0.869079249867328,
  "stage1_decision": null,
  "stage1_confidence": 0.0,
  "stage1_info": {
    "exact_extreme_ratio": 0.02996826171875,
    "sample_std": 45.147083498687934,
    "decision": "full_analysis_required"
  },
  "ensemble_probabilities": {
    "rf": [
      0.0992,
      0.8402333333333334,
      0.036899999999999995,
      0.02366666666666667
    ],
    "extra": [
      0.12,
      0.75,
      0.0575,
      0.0725
    ],
    "gb": [
      7.115069142010545e-08,
      0.9999998486959376,
      7.948306737026259e-08,
      6.703034446557513e-10
    ],
    "svm_linear": [
      2.0876565718513237e-09,
      0.9999762102667696,
      1.9882438706016238e-05,
      3.9052068677450035e-06
    ]
  },
  "processing_time": 0.637687,
  "feature_time": 0.187851,
  "image_shape": [
    128,
    128
  ],
  "mean_intensity": 127.4541015625,
  "std_intensity": 44.46736473129406,
  "timestamp": "2025-06-12T06:40:36Z",
  "system_version": "final_v1.0",
  "user": "vkhare2909"
}