{
  "image_name": "detector_test_images\\salt_pepper\\salt_pepper_test_016.png",
  "prediction": "salt_pepper",
  "confidence": 0.8451116170305634,
  "stage1_decision": null,
  "stage1_confidence": 0.0,
  "stage1_info": {
    "exact_extreme_ratio": 0.03009033203125,
    "sample_std": 54.762188231821966,
    "decision": "full_analysis_required"
  },
  "ensemble_probabilities": {
    "rf": [
      0.12452857142857143,
      0.7599666666666667,
      0.07573333333333332,
      0.039771428571428576
    ],
    "extra": [
      0.1475,
      0.76375,
      0.01375,
      0.075
    ],
    "gb": [
      5.453751103791868e-08,
      0.9999994756182279,
      4.688191528154088e-07,
      1.0251083747698435e-09
    ],
    "svm_linear": [
      1.137256538512004e-09,
      0.9999841479267311,
      1.3733314868394347e-05,
      2.117621143916081e-06
    ]
  },
  "processing_time": 0.510499,
  "feature_time": 0.132659,
  "image_shape": [
    128,
    128
  ],
  "mean_intensity": 137.2166748046875,
  "std_intensity": 55.27766536637685,
  "timestamp": "2025-06-12T06:40:36Z",
  "system_version": "final_v1.0",
  "user": "vkhare2909"
}