{
  "image_name": "detector_test_images\\salt_pepper\\salt_pepper_test_017.png",
  "prediction": "salt_pepper",
  "confidence": 0.7819564305057494,
  "stage1_decision": null,
  "stage1_confidence": 0.0,
  "stage1_info": {
    "exact_extreme_ratio": 0.0770263671875,
    "sample_std": 78.78024969456177,
    "decision": "full_analysis_required"
  },
  "ensemble_probabilities": {
    "rf": [
      0.12256666666666667,
      0.6727333333333333,
      0.15203333333333335,
      0.052666666666666674
    ],
    "extra": [
      0.15875,
      0.655,
      0.07875,
      0.1075
    ],
    "gb": [
      1.2440668376758986e-07,
      0.9999997465862613,
      1.2789087089505542e-07,
      1.1161839779874496e-09
    ],
    "svm_linear": [
      6.841726476042183e-09,
      0.9999982719251729,
      1.4738974938415055e-06,
      2.473356066286565e-07
    ]
  },
  "processing_time": 0.527156,
  "feature_time": 0.1836,
  "image_shape": [
    128,
    128
  ],
  "mean_intensity": 126.12884521484375,
  "std_intensity": 78.81287908800871,
  "timestamp": "2025-06-12T06:40:36Z",
  "system_version": "final_v1.0",
  "user": "vkhare2909"
}