{
  "image_name": "detector_test_images\\salt_pepper\\salt_pepper_test_005.png",
  "prediction": "salt_pepper",
  "confidence": 0.9726164985773383,
  "stage1_decision": "speckle",
  "stage1_confidence": 0.88,
  "stage1_info": {
    "intensity_var_correlation": 0.9645495526848843,
    "mean_cv": 0.3176241887750637,
    "num_patches": 36
  },
  "ensemble_probabilities": {
    "rf": [
      0.007,
      0.9593333333333334,
      0.03366666666666667,
      0.0
    ],
    "extra": [
      0.01,
      0.95625,
      0.02125,
      0.0125
    ],
    "gb": [
      4.228860150475066e-09,
      0.9999999557965271,
      3.9905652382621334e-08,
      6.896040532585368e-11
    ],
    "svm_linear": [
      3.468211815972898e-08,
      0.9997484296153988,
      0.00025150236912931416,
      3.333335350718541e-08
    ]
  },
  "processing_time": 0.551992,
  "feature_time": 0.155601,
  "image_shape": [
    128,
    128
  ],
  "mean_intensity": 65.773193359375,
  "std_intensity": 21.58758898536132,
  "timestamp": "2025-06-12T06:40:36Z",
  "system_version": "final_v1.0",
  "user": "vkhare2909"
}