{
  "image_name": "detector_test_images\\salt_pepper\\salt_pepper_test_022.png",
  "prediction": "salt_pepper",
  "confidence": 0.8543890490088168,
  "stage1_decision": null,
  "stage1_confidence": 0.0,
  "stage1_info": {
    "exact_extreme_ratio": 0.00994873046875,
    "sample_std": 41.20963862981572,
    "decision": "full_analysis_required"
  },
  "ensemble_probabilities": {
    "rf": [
      0.0637,
      0.8229000000000001,
      0.07373333333333333,
      0.03966666666666666
    ],
    "extra": [
      0.1025,
      0.72125,
      0.0375,
      0.13875
    ],
    "gb": [
      5.383446836518903e-08,
      0.9999998695061788,
      7.593258029876305e-08,
      7.267724751169827e-10
    ],
    "svm_linear": [
      3.3993210557697906e-10,
      0.9999908163227206,
      6.549320065033254e-06,
      2.6340172823063954e-06
    ]
  },
  "processing_time": 0.539026,
  "feature_time": 0.184537,
  "image_shape": [
    128,
    128
  ],
  "mean_intensity": 127.5040283203125,
  "std_intensity": 41.02849183160113,
  "timestamp": "2025-06-12T06:40:36Z",
  "system_version": "final_v1.0",
  "user": "vkhare2909"
}