{
  "image_name": "detector_test_images\\salt_pepper\\salt_pepper_test_014.png",
  "prediction": "salt_pepper",
  "confidence": 0.7958733243724614,
  "stage1_decision": null,
  "stage1_confidence": 0.0,
  "stage1_info": {
    "exact_extreme_ratio": 0.080078125,
    "sample_std": 60.40842457337801,
    "decision": "full_analysis_required"
  },
  "ensemble_probabilities": {
    "rf": [
      0.20349999999999996,
      0.6836666666666666,
      0.10086666666666665,
      0.011966666666666667
    ],
    "extra": [
      0.16,
      0.68875,
      0.11375,
      0.0375
    ],
    "gb": [
      3.812996879890478e-05,
      0.9999617800539888,
      8.905369404100693e-08,
      9.235183149212384e-10
    ],
    "svm_linear": [
      5.307497085290403e-08,
      0.99974546025631,
      9.33937848697372e-05,
      0.0001610928838495842
    ]
  },
  "processing_time": 0.581237,
  "feature_time": 0.206832,
  "image_shape": [
    128,
    128
  ],
  "mean_intensity": 140.8560791015625,
  "std_intensity": 60.34888931909543,
  "timestamp": "2025-06-12T06:40:36Z",
  "system_version": "final_v1.0",
  "user": "vkhare2909"
}