{
  "image_name": "detector_test_images\\salt_pepper\\salt_pepper_test_034.png",
  "prediction": "salt_pepper",
  "confidence": 0.8073944231494357,
  "stage1_decision": null,
  "stage1_confidence": 0.0,
  "stage1_info": {
    "exact_extreme_ratio": 0.05010986328125,
    "sample_std": 58.13121390225737,
    "decision": "full_analysis_required"
  },
  "ensemble_probabilities": {
    "rf": [
      0.10392857142857144,
      0.6961666666666666,
      0.15556666666666666,
      0.04433809523809524
    ],
    "extra": [
      0.165,
      0.7125,
      0.0375,
      0.085
    ],
    "gb": [
      4.8098761791463066e-08,
      0.9999987318788833,
      1.2186883449872609e-06,
      1.334010094686838e-09
    ],
    "svm_linear": [
      6.171089869930339e-08,
      0.9998640684638145,
      0.00012523863685785387,
      1.0631188429095373e-05
    ]
  },
  "processing_time": 0.515614,
  "feature_time": 0.166568,
  "image_shape": [
    128,
    128
  ],
  "mean_intensity": 135.69256591796875,
  "std_intensity": 57.89335164300808,
  "timestamp": "2025-06-12T06:40:36Z",
  "system_version": "final_v1.0",
  "user": "vkhare2909"
}