{
  "image_name": "detector_test_images\\salt_pepper\\salt_pepper_test_010.png",
  "prediction": "salt_pepper",
  "confidence": 0.9555321866849926,
  "stage1_decision": "speckle",
  "stage1_confidence": 0.88,
  "stage1_info": {
    "intensity_var_correlation": 0.7671277774092348,
    "mean_cv": 1.6378862753707106,
    "num_patches": 13
  },
  "ensemble_probabilities": {
    "rf": [
      0.003,
      0.9051,
      0.08706666666666667,
      0.004833333333333333
    ],
    "extra": [
      0.0025,
      0.9625,
      0.035,
      0.0
    ],
    "gb": [
      4.609764690722672e-09,
      0.9999999863861584,
      8.935517684604455e-09,
      6.855922914910469e-11
    ],
    "svm_linear": [
      4.3187196077642726e-10,
      0.9999719008845303,
      2.8041486330109903e-05,
      5.719726771653209e-08
    ]
  },
  "processing_time": 2.406438,
  "feature_time": 2.061668,
  "image_shape": [
    128,
    128
  ],
  "mean_intensity": 26.91009521484375,
  "std_intensity": 78.344885316868,
  "timestamp": "2025-06-12T06:40:36Z",
  "system_version": "final_v1.0",
  "user": "vkhare2909"
}