{
  "image_name": "detector_test_images\\detector_striping\\detector_striping_test_034.png",
  "prediction": "striping",
  "confidence": 0.9837080860926997,
  "stage1_decision": null,
  "stage1_confidence": 0.0,
  "stage1_info": {
    "exact_extreme_ratio": 0.02423095703125,
    "sample_std": 59.29959691734844,
    "log_variance": 0.6319740000293605,
    "decision": "full_analysis_required"
  },
  "ensemble_probabilities": {
    "rf": [
      0.0016666666666666668,
      0.008333333333333333,
      0.0,
      0.99
    ],
    "extra": [
      0.022,
      0.02,
      0.0,
      0.958
    ],
    "gb": [
      3.87434528728043e-08,
      5.252173809688e-09,
      5.21739287503208e-09,
      0.9999999507869806
    ],
    "svm_linear": [
      1.84237259296786e-06,
      0.0018984670939544057,
      1.8706573905965438e-05,
      0.9980809839595466
    ]
  },
  "detailed_analysis": {
    "log_variance": 0.6319740000293605,
    "intensity_variance_correlation": 0.23288427155669433,
    "extreme_pixel_ratio": 0.02423095703125,
    "edge_density": 0.171875,
    "ensemble_probabilities": {
      "rf": [
        0.0016666666666666668,
        0.008333333333333333,
        0.0,
        0.99
      ],
      "extra": [
        0.022,
        0.02,
        0.0,
        0.958
      ],
      "gb": [
        3.87434528728043e-08,
        5.252173809688e-09,
        5.21739287503208e-09,
        0.9999999507869806
      ],
      "svm_linear": [
        1.84237259296786e-06,
        0.0018984670939544057,
        1.8706573905965438e-05,
        0.9980809839595466
      ]
    },
    "stage1_info": {
      "exact_extreme_ratio": 0.02423095703125,
      "sample_std": 59.29959691734844,
      "log_variance": 0.6319740000293605,
      "decision": "full_analysis_required"
    }
  },
  "processing_time": 0.372344,
  "feature_time": 0.223785,
  "image_shape": [
    128,
    128
  ],
  "mean_intensity": 126.60614013671875,
  "std_intensity": 58.520301581263254,
  "timestamp": "2025-06-13T02:02:17Z",
  "system_version": "optimized_ultra_final_v2.0_fast",
  "user": "vkhare2909"
}