{
  "image_name": "detector_test_images\\detector_striping\\detector_striping_test_018.png",
  "prediction": "striping",
  "confidence": 0.6805275410523897,
  "stage1_decision": null,
  "stage1_confidence": 0.0,
  "stage1_info": {
    "exact_extreme_ratio": 0.0140380859375,
    "sample_std": 61.10252445979626,
    "log_variance": 0.2971920973148202,
    "decision": "full_analysis_required"
  },
  "ensemble_probabilities": {
    "rf": [
      0.1572222222222222,
      0.21155555555555555,
      0.03433333333333333,
      0.5968888888888888
    ],
    "extra": [
      0.1,
      0.23,
      0.02,
      0.65
    ],
    "gb": [
      5.412293654477608e-09,
      5.2615215593135e-09,
      5.491034425855946e-09,
      0.9999999838351503
    ],
    "svm_linear": [
      0.2747428788368345,
      0.3841123600221421,
      0.07498042131611325,
      0.26616433982490995
    ]
  },
  "detailed_analysis": {
    "log_variance": 0.2971920973148202,
    "intensity_variance_correlation": -0.22135247957879786,
    "extreme_pixel_ratio": 0.0140380859375,
    "edge_density": 0.09619140625,
    "ensemble_probabilities": {
      "rf": [
        0.1572222222222222,
        0.21155555555555555,
        0.03433333333333333,
        0.5968888888888888
      ],
      "extra": [
        0.1,
        0.23,
        0.02,
        0.65
      ],
      "gb": [
        5.412293654477608e-09,
        5.2615215593135e-09,
        5.491034425855946e-09,
        0.9999999838351503
      ],
      "svm_linear": [
        0.2747428788368345,
        0.3841123600221421,
        0.07498042131611325,
        0.26616433982490995
      ]
    },
    "stage1_info": {
      "exact_extreme_ratio": 0.0140380859375,
      "sample_std": 61.10252445979626,
      "log_variance": 0.2971920973148202,
      "decision": "full_analysis_required"
    }
  },
  "processing_time": 0.385853,
  "feature_time": 0.229242,
  "image_shape": [
    128,
    128
  ],
  "mean_intensity": 156.541259765625,
  "std_intensity": 61.44411508905514,
  "timestamp": "2025-06-13T02:02:17Z",
  "system_version": "optimized_ultra_final_v2.0_fast",
  "user": "vkhare2909"
}