{
  "image_name": "detector_test_images\\detector_striping\\detector_striping_test_017.png",
  "prediction": "striping",
  "confidence": 0.3699039258872193,
  "stage1_decision": null,
  "stage1_confidence": 0.0,
  "stage1_info": {
    "exact_extreme_ratio": 0.03656005859375,
    "sample_std": 58.46776133904906,
    "log_variance": 0.2174419377520489,
    "decision": "full_analysis_required"
  },
  "ensemble_probabilities": {
    "rf": [
      0.24444444444444446,
      0.3606666666666666,
      0.02811111111111111,
      0.3667777777777778
    ],
    "extra": [
      0.136,
      0.286,
      0.036,
      0.542
    ],
    "gb": [
      0.24929239338480685,
      0.24234777085346892,
      0.25291922455972554,
      0.2554406112019986
    ],
    "svm_linear": [
      0.04961424198158443,
      0.7709298433187494,
      0.02874040605469192,
      0.1507155086449744
    ]
  },
  "detailed_analysis": {
    "log_variance": 0.2174419377520489,
    "intensity_variance_correlation": -0.001351727168392783,
    "extreme_pixel_ratio": 0.03656005859375,
    "edge_density": 0.1690673828125,
    "ensemble_probabilities": {
      "rf": [
        0.24444444444444446,
        0.3606666666666666,
        0.02811111111111111,
        0.3667777777777778
      ],
      "extra": [
        0.136,
        0.286,
        0.036,
        0.542
      ],
      "gb": [
        0.24929239338480685,
        0.24234777085346892,
        0.25291922455972554,
        0.2554406112019986
      ],
      "svm_linear": [
        0.04961424198158443,
        0.7709298433187494,
        0.02874040605469192,
        0.1507155086449744
      ]
    },
    "stage1_info": {
      "exact_extreme_ratio": 0.03656005859375,
      "sample_std": 58.46776133904906,
      "log_variance": 0.2174419377520489,
      "decision": "full_analysis_required"
    }
  },
  "processing_time": 0.359814,
  "feature_time": 0.213757,
  "image_shape": [
    128,
    128
  ],
  "mean_intensity": 152.1304931640625,
  "std_intensity": 58.566139851958255,
  "timestamp": "2025-06-13T02:02:17Z",
  "system_version": "optimized_ultra_final_v2.0_fast",
  "user": "vkhare2909"
}