{
  "image_name": "detector_test_images\\detector_striping\\detector_striping_test_010.png",
  "prediction": "striping",
  "confidence": 0.986771933993353,
  "stage1_decision": null,
  "stage1_confidence": 0.0,
  "stage1_info": {
    "exact_extreme_ratio": 0.0,
    "sample_std": 31.52674147196313,
    "log_variance": 0.33812640976914876,
    "decision": "full_analysis_required"
  },
  "ensemble_probabilities": {
    "rf": [
      0.010555555555555556,
      0.006666666666666667,
      0.0,
      0.9827777777777778
    ],
    "extra": [
      0.008,
      0.012,
      0.004,
      0.976
    ],
    "gb": [
      4.3245460743172516e-08,
      5.217816632640179e-09,
      1.104440744259876e-06,
      0.9999988470959784
    ],
    "svm_linear": [
      1.6084017647991417e-11,
      5.756709575823767e-12,
      6.797124056367645e-12,
      0.9999999999713621
    ]
  },
  "detailed_analysis": {
    "log_variance": 0.33812640976914876,
    "intensity_variance_correlation": 0.0067314057297393395,
    "extreme_pixel_ratio": 0.0,
    "edge_density": 0.140625,
    "ensemble_probabilities": {
      "rf": [
        0.010555555555555556,
        0.006666666666666667,
        0.0,
        0.9827777777777778
      ],
      "extra": [
        0.008,
        0.012,
        0.004,
        0.976
      ],
      "gb": [
        4.3245460743172516e-08,
        5.217816632640179e-09,
        1.104440744259876e-06,
        0.9999988470959784
      ],
      "svm_linear": [
        1.6084017647991417e-11,
        5.756709575823767e-12,
        6.797124056367645e-12,
        0.9999999999713621
      ]
    },
    "stage1_info": {
      "exact_extreme_ratio": 0.0,
      "sample_std": 31.52674147196313,
      "log_variance": 0.33812640976914876,
      "decision": "full_analysis_required"
    }
  },
  "processing_time": 0.387865,
  "feature_time": 0.228732,
  "image_shape": [
    128,
    128
  ],
  "mean_intensity": 63.640625,
  "std_intensity": 31.56855990711922,
  "timestamp": "2025-06-13T02:02:17Z",
  "system_version": "optimized_ultra_final_v2.0_fast",
  "user": "vkhare2909"
}