{
  "image_name": "BSD_Noised_salt\\salt_pepper_noise\\salt_pepper_223061_18225.jpg",
  "prediction": "salt_pepper",
  "confidence": 0.5510900117425847,
  "stage1_decision": null,
  "stage1_confidence": 0.0,
  "stage1_info": {
    "exact_extreme_ratio": 0.03351014565967837,
    "sample_std": 67.13068545575861,
    "log_variance": 1.0770973209179533,
    "decision": "full_analysis_required"
  },
  "ensemble_probabilities": {
    "rf": [
      0.12694444444444444,
      0.46766666666666673,
      0.3218888888888889,
      0.0835
    ],
    "extra": [
      0.174,
      0.488,
      0.24,
      0.098
    ],
    "gb": [
      6.648752821362234e-09,
      0.9640267136369932,
      0.035973271327008075,
      8.387245991313583e-09
    ],
    "svm_linear": [
      1.3743457641718758e-14,
      2.945026617877615e-14,
      0.9999999499999392,
      5.00000174736765e-08
    ]
  },
  "detailed_analysis": {
    "log_variance": 1.0770973209179533,
    "intensity_variance_correlation": -0.45557983606672725,
    "extreme_pixel_ratio": 0.03351014565967837,
    "edge_density": 0.3341299602981846,
    "ensemble_probabilities": {
      "rf": [
        0.12694444444444444,
        0.46766666666666673,
        0.3218888888888889,
        0.0835
      ],
      "extra": [
        0.174,
        0.488,
        0.24,
        0.098
      ],
      "gb": [
        6.648752821362234e-09,
        0.9640267136369932,
        0.035973271327008075,
        8.387245991313583e-09
      ],
      "svm_linear": [
        1.3743457641718758e-14,
        2.945026617877615e-14,
        0.9999999499999392,
        5.00000174736765e-08
      ]
    },
    "stage1_info": {
      "exact_extreme_ratio": 0.03351014565967837,
      "sample_std": 67.13068545575861,
      "log_variance": 1.0770973209179533,
      "decision": "full_analysis_required"
    }
  },
  "processing_time": 3.092063,
  "feature_time": 2.793708,
  "image_shape": [
    321,
    481
  ],
  "mean_intensity": 126.79266325995297,
  "std_intensity": 67.08432861122547,
  "timestamp": "2025-06-13T02:02:17Z",
  "system_version": "optimized_ultra_final_v2.0_fast",
  "user": "vkhare2909"
}