{
  "image_name": "BSD_Noised_salt\\salt_pepper_noise\\salt_pepper_62096_18242.jpg",
  "prediction": "speckle",
  "confidence": 0.46627028922142755,
  "stage1_decision": null,
  "stage1_confidence": 0.0,
  "stage1_info": {
    "exact_extreme_ratio": 0.03685209292685928,
    "sample_std": 92.0107800116921,
    "log_variance": 1.0145172527138717,
    "decision": "full_analysis_required"
  },
  "ensemble_probabilities": {
    "rf": [
      0.07111111111111111,
      0.26216666666666666,
      0.6350555555555557,
      0.03166666666666667
    ],
    "extra": [
      0.068,
      0.428,
      0.434,
      0.07
    ],
    "gb": [
      6.531457280868999e-09,
      0.9447939501837082,
      0.055203399107956304,
      2.644176878502446e-06
    ],
    "svm_linear": [
      1.3743457641718758e-14,
      2.945026617877615e-14,
      0.9999999499999392,
      5.00000174736765e-08
    ]
  },
  "detailed_analysis": {
    "log_variance": 1.0145172527138717,
    "intensity_variance_correlation": 0.3500862561056919,
    "extreme_pixel_ratio": 0.03685209292685928,
    "edge_density": 0.2866496978646511,
    "ensemble_probabilities": {
      "rf": [
        0.07111111111111111,
        0.26216666666666666,
        0.6350555555555557,
        0.03166666666666667
      ],
      "extra": [
        0.068,
        0.428,
        0.434,
        0.07
      ],
      "gb": [
        6.531457280868999e-09,
        0.9447939501837082,
        0.055203399107956304,
        2.644176878502446e-06
      ],
      "svm_linear": [
        1.3743457641718758e-14,
        2.945026617877615e-14,
        0.9999999499999392,
        5.00000174736765e-08
      ]
    },
    "stage1_info": {
      "exact_extreme_ratio": 0.03685209292685928,
      "sample_std": 92.0107800116921,
      "log_variance": 1.0145172527138717,
      "decision": "full_analysis_required"
    }
  },
  "processing_time": 3.269849,
  "feature_time": 2.977701,
  "image_shape": [
    321,
    481
  ],
  "mean_intensity": 139.30524413701983,
  "std_intensity": 92.18529295120729,
  "timestamp": "2025-06-13T02:02:17Z",
  "system_version": "optimized_ultra_final_v2.0_fast",
  "user": "vkhare2909"
}