{
  "image_name": "detector_test_images\\speckle\\speckle_test_025.png",
  "prediction": "speckle",
  "confidence": 0.8698964479242557,
  "stage1_decision": null,
  "stage1_confidence": 0.0,
  "stage1_info": {
    "exact_extreme_ratio": 0.0885009765625,
    "sample_std": 60.76613036881648,
    "decision": "full_analysis_required"
  },
  "ensemble_probabilities": {
    "rf": [
      0.14613333333333334,
      0.05,
      0.7988666666666668,
      0.005
    ],
    "extra": [
      0.115,
      0.07,
      0.81,
      0.005
    ],
    "gb": [
      0.0019452347056039346,
      1.0872995354212035e-05,
      0.998043832313459,
      5.9985582905984e-08
    ],
    "svm_linear": [
      0.019203668798755714,
      0.00012310117843694745,
      0.9778215651255765,
      0.002851664897230799
    ]
  },
  "processing_time": 0.417207,
  "feature_time": 0.129483,
  "image_shape": [
    128,
    128
  ],
  "mean_intensity": 86.7998046875,
  "std_intensity": 60.21067919093529,
  "timestamp": "2025-06-12T06:40:36Z",
  "system_version": "final_v1.0",
  "user": "vkhare2909"
}