{
  "image_name": "detector_test_images\\speckle\\speckle_test_026.png",
  "prediction": "speckle",
  "confidence": 0.9355000282080476,
  "stage1_decision": "speckle",
  "stage1_confidence": 0.88,
  "stage1_info": {
    "intensity_var_correlation": 0.9634918498947741,
    "mean_cv": 0.4185262837635929,
    "num_patches": 36
  },
  "ensemble_probabilities": {
    "rf": [
      0.055,
      0.039,
      0.9008333333333334,
      0.005166666666666667
    ],
    "extra": [
      0.0625,
      0.03375,
      0.90125,
      0.0025
    ],
    "gb": [
      1.929592211257593e-05,
      2.465813663158523e-08,
      0.9999806615561335,
      1.7863617274183768e-08
    ],
    "svm_linear": [
      0.0013115363722272589,
      0.00029846848985108046,
      0.9983819615234771,
      8.033614444483096e-06
    ]
  },
  "processing_time": 0.482746,
  "feature_time": 0.115814,
  "image_shape": [
    128,
    128
  ],
  "mean_intensity": 132.7396240234375,
  "std_intensity": 69.45895962735759,
  "timestamp": "2025-06-12T06:40:36Z",
  "system_version": "final_v1.0",
  "user": "vkhare2909"
}