{
  "image_name": "detector_test_images\\speckle\\speckle_test_007.png",
  "prediction": "speckle",
  "confidence": 0.9970377106732335,
  "stage1_decision": null,
  "stage1_confidence": 0.0,
  "stage1_info": {
    "exact_extreme_ratio": 0.12005615234375,
    "sample_std": 72.83846675649825,
    "decision": "full_analysis_required"
  },
  "ensemble_probabilities": {
    "rf": [
      0.0006666666666666666,
      0.0,
      0.998,
      0.0013333333333333333
    ],
    "extra": [
      0.0,
      0.0025,
      0.9975,
      0.0
    ],
    "gb": [
      5.6254405620345114e-06,
      1.2566329651678727e-08,
      0.9999943544392274,
      7.553880754612837e-09
    ],
    "svm_linear": [
      0.014557294681952767,
      9.805081179175621e-05,
      0.9848912206342678,
      0.00045343387198749674
    ]
  },
  "processing_time": 0.442568,
  "feature_time": 0.162357,
  "image_shape": [
    128,
    128
  ],
  "mean_intensity": 127.52001953125,
  "std_intensity": 73.29035434249214,
  "timestamp": "2025-06-12T06:40:36Z",
  "system_version": "final_v1.0",
  "user": "vkhare2909"
}