{
  "image_name": "detector_test_images\\speckle\\speckle_test_017.png",
  "prediction": "speckle",
  "confidence": 0.9878372379016307,
  "stage1_decision": null,
  "stage1_confidence": 0.0,
  "stage1_info": {
    "exact_extreme_ratio": 0.09552001953125,
    "sample_std": 69.57253356704426,
    "decision": "full_analysis_required"
  },
  "ensemble_probabilities": {
    "rf": [
      0.009,
      0.0085,
      0.9825,
      0.0
    ],
    "extra": [
      0.0,
      0.005,
      0.995,
      0.0
    ],
    "gb": [
      4.9412629137986005e-05,
      1.5786841190076268e-08,
      0.9999505587413237,
      1.2842697141577978e-08
    ],
    "svm_linear": [
      0.04360971557716669,
      0.0004200590315500367,
      0.9547459821629987,
      0.0012242432282847846
    ]
  },
  "processing_time": 0.584269,
  "feature_time": 0.184635,
  "image_shape": [
    128,
    128
  ],
  "mean_intensity": 128.61328125,
  "std_intensity": 69.46313453866391,
  "timestamp": "2025-06-12T06:40:36Z",
  "system_version": "final_v1.0",
  "user": "vkhare2909"
}