{
  "image_name": "detector_test_images\\speckle\\speckle_test_020.png",
  "prediction": "speckle",
  "confidence": 0.9905524269985904,
  "stage1_decision": null,
  "stage1_confidence": 0.0,
  "stage1_info": {
    "exact_extreme_ratio": 0.10986328125,
    "sample_std": 68.81503160238684,
    "decision": "full_analysis_required"
  },
  "ensemble_probabilities": {
    "rf": [
      0.011333333333333334,
      0.001,
      0.9876666666666667,
      0.0
    ],
    "extra": [
      0.00875,
      0.0075,
      0.98375,
      0.0
    ],
    "gb": [
      5.442060243795939e-06,
      1.1058432148101194e-08,
      0.9999945402424107,
      6.6389133287776396e-09
    ],
    "svm_linear": [
      0.00250134967810028,
      3.392498188263998e-05,
      0.997454586046543,
      1.0139293473841795e-05
    ]
  },
  "processing_time": 0.49143,
  "feature_time": 0.181345,
  "image_shape": [
    128,
    128
  ],
  "mean_intensity": 138.53826904296875,
  "std_intensity": 69.39369645541284,
  "timestamp": "2025-06-12T06:40:36Z",
  "system_version": "final_v1.0",
  "user": "vkhare2909"
}