{
  "image_name": "detector_test_images\\speckle\\speckle_test_037.png",
  "prediction": "speckle",
  "confidence": 0.8486951498267576,
  "stage1_decision": "gaussian",
  "stage1_confidence": 0.9,
  "stage1_info": {
    "ks_p_value": 0.39509903300888305,
    "sample_std": 55.99214317149773,
    "sample_mean": 126.09825
  },
  "ensemble_probabilities": {
    "rf": [
      0.09398333333333332,
      0.011066666666666666,
      0.8922166666666665,
      0.0027333333333333333
    ],
    "extra": [
      0.0875,
      0.00625,
      0.90375,
      0.0025
    ],
    "gb": [
      8.044633558736747e-06,
      6.385236984573168e-09,
      0.9999919437423566,
      5.238847784777023e-09
    ],
    "svm_linear": [
      0.8277291151390775,
      0.004771493431364675,
      0.15296330557835328,
      0.014536085851204495
    ]
  },
  "processing_time": 0.400052,
  "feature_time": 0.099533,
  "image_shape": [
    128,
    128
  ],
  "mean_intensity": 126.4921875,
  "std_intensity": 55.94476918986288,
  "timestamp": "2025-06-12T06:40:36Z",
  "system_version": "final_v1.0",
  "user": "vkhare2909"
}