{
  "image_name": "detector_test_images\\speckle\\speckle_test_033.png",
  "prediction": "speckle",
  "confidence": 0.8095836083738739,
  "stage1_decision": null,
  "stage1_confidence": 0.0,
  "stage1_info": {
    "exact_extreme_ratio": 0.0885009765625,
    "sample_std": 77.11533196088506,
    "decision": "full_analysis_required"
  },
  "ensemble_probabilities": {
    "rf": [
      0.1598380952380952,
      0.11809523809523809,
      0.7112666666666665,
      0.0108
    ],
    "extra": [
      0.16875,
      0.11375,
      0.7025,
      0.015
    ],
    "gb": [
      0.00043553202991659544,
      3.4263016473722815e-07,
      0.9995638758310013,
      2.495089175200087e-07
    ],
    "svm_linear": [
      1.3648814165251928e-06,
      8.525829500697481e-07,
      0.9999930608279031,
      4.721707730439579e-06
    ]
  },
  "processing_time": 0.343699,
  "feature_time": 0.088722,
  "image_shape": [
    128,
    128
  ],
  "mean_intensity": 125.19024658203125,
  "std_intensity": 77.24128629612166,
  "timestamp": "2025-06-12T06:40:36Z",
  "system_version": "final_v1.0",
  "user": "vkhare2909"
}