{
  "image_name": "detector_test_images\\speckle\\speckle_test_040.png",
  "prediction": "speckle",
  "confidence": 0.9591960826885491,
  "stage1_decision": null,
  "stage1_confidence": 0.0,
  "stage1_info": {
    "exact_extreme_ratio": 0.05584716796875,
    "sample_std": 60.363240904026185,
    "decision": "full_analysis_required"
  },
  "ensemble_probabilities": {
    "rf": [
      0.02953333333333333,
      0.020666666666666667,
      0.9498,
      0.0
    ],
    "extra": [
      0.04375,
      0.0275,
      0.92875,
      0.0
    ],
    "gb": [
      7.5520552111894715e-06,
      7.476209281318772e-09,
      0.999992434812663,
      5.6559164386529565e-09
    ],
    "svm_linear": [
      0.01823256181252986,
      0.0001926960297089784,
      0.9814297398538346,
      0.0001450023039262674
    ]
  },
  "processing_time": 0.28636,
  "feature_time": 0.076162,
  "image_shape": [
    128,
    128
  ],
  "mean_intensity": 139.48907470703125,
  "std_intensity": 60.11441526481116,
  "timestamp": "2025-06-12T06:40:36Z",
  "system_version": "final_v1.0",
  "user": "vkhare2909"
}