{
  "image_name": "detector_test_images\\speckle\\speckle_test_028.png",
  "prediction": "speckle",
  "confidence": 0.983521529046208,
  "stage1_decision": "speckle",
  "stage1_confidence": 0.88,
  "stage1_info": {
    "intensity_var_correlation": 0.9123561522360127,
    "mean_cv": 0.5970485513424223,
    "num_patches": 36
  },
  "ensemble_probabilities": {
    "rf": [
      0.014166666666666666,
      0.024333333333333332,
      0.9615,
      0.0
    ],
    "extra": [
      0.0075,
      0.0025,
      0.99,
      0.0
    ],
    "gb": [
      1.3780998549587433e-05,
      1.7930832010753887e-09,
      0.9999862157517597,
      1.4566073100984345e-09
    ],
    "svm_linear": [
      5.349379009646439e-08,
      4.105748340189302e-08,
      0.9999997510826816,
      1.543660448750078e-07
    ]
  },
  "processing_time": 0.447017,
  "feature_time": 0.117928,
  "image_shape": [
    128,
    128
  ],
  "mean_intensity": 123.28021240234375,
  "std_intensity": 76.81733758448132,
  "timestamp": "2025-06-12T06:40:36Z",
  "system_version": "final_v1.0",
  "user": "vkhare2909"
}