{
  "image_name": "detector_test_images\\speckle\\speckle_test_005.png",
  "prediction": "speckle",
  "confidence": 0.8860361517777745,
  "stage1_decision": null,
  "stage1_confidence": 0.0,
  "stage1_info": {
    "exact_extreme_ratio": 0.00592041015625,
    "sample_std": 38.79574388705545,
    "decision": "full_analysis_required"
  },
  "ensemble_probabilities": {
    "rf": [
      0.14653333333333335,
      0.04033333333333334,
      0.8011999999999999,
      0.011933333333333334
    ],
    "extra": [
      0.1075,
      0.02625,
      0.85625,
      0.01
    ],
    "gb": [
      0.004996921665360115,
      4.3829757847200276e-07,
      0.9950022220383408,
      4.179987207012321e-07
    ],
    "svm_linear": [
      1.6409501920440574e-06,
      9.711963450205686e-07,
      0.9999059626818939,
      9.142517156903968e-05
    ]
  },
  "processing_time": 0.464887,
  "feature_time": 0.117152,
  "image_shape": [
    128,
    128
  ],
  "mean_intensity": 83.64862060546875,
  "std_intensity": 38.858844196234045,
  "timestamp": "2025-06-12T06:40:36Z",
  "system_version": "final_v1.0",
  "user": "vkhare2909"
}