{
  "image_name": "detector_test_images\\speckle\\speckle_test_022.png",
  "prediction": "speckle",
  "confidence": 0.5716976651124679,
  "stage1_decision": null,
  "stage1_confidence": 0.0,
  "stage1_info": {
    "exact_extreme_ratio": 0.09259033203125,
    "sample_std": 78.6176208683524,
    "decision": "full_analysis_required"
  },
  "ensemble_probabilities": {
    "rf": [
      0.2328547619047619,
      0.2739404761904762,
      0.4699047619047619,
      0.0233
    ],
    "extra": [
      0.3475,
      0.22,
      0.3925,
      0.04
    ],
    "gb": [
      0.23887055822172892,
      0.00022564331836443446,
      0.7607938497353357,
      0.00010994872457088933
    ],
    "svm_linear": [
      0.00544571089370489,
      0.0015528721895219232,
      0.9928253601196732,
      0.0001760567971002619
    ]
  },
  "processing_time": 0.608531,
  "feature_time": 0.20914,
  "image_shape": [
    128,
    128
  ],
  "mean_intensity": 135.46075439453125,
  "std_intensity": 78.64992508351058,
  "timestamp": "2025-06-12T06:40:36Z",
  "system_version": "final_v1.0",
  "user": "vkhare2909"
}