{
  "image_name": "detector_test_images\\speckle\\speckle_test_009.png",
  "prediction": "speckle",
  "confidence": 0.8757015915773041,
  "stage1_decision": "speckle",
  "stage1_confidence": 0.88,
  "stage1_info": {
    "intensity_var_correlation": 0.9846511038331429,
    "mean_cv": 0.4473633682334899,
    "num_patches": 30
  },
  "ensemble_probabilities": {
    "rf": [
      0.07536666666666668,
      0.0755,
      0.8453333333333333,
      0.0038
    ],
    "extra": [
      0.1075,
      0.115,
      0.7675,
      0.01
    ],
    "gb": [
      0.0012444152549112763,
      0.0004150086522622535,
      0.9983405391712448,
      3.6921581800893455e-08
    ],
    "svm_linear": [
      2.753353387750772e-07,
      2.067661316071207e-07,
      0.9999979011782639,
      1.6167202655114872e-06
    ]
  },
  "processing_time": 0.359735,
  "feature_time": 0.136762,
  "image_shape": [
    128,
    128
  ],
  "mean_intensity": 117.9676513671875,
  "std_intensity": 82.33269496148321,
  "timestamp": "2025-06-12T06:40:36Z",
  "system_version": "final_v1.0",
  "user": "vkhare2909"
}