{
  "image_name": "detector_test_images\\speckle\\speckle_test_029.png",
  "prediction": "speckle",
  "confidence": 0.7574866853811846,
  "stage1_decision": "speckle",
  "stage1_confidence": 0.88,
  "stage1_info": {
    "intensity_var_correlation": 0.9747325853162362,
    "mean_cv": 0.3093262487422558,
    "num_patches": 30
  },
  "ensemble_probabilities": {
    "rf": [
      0.20663333333333334,
      0.10443333333333332,
      0.6691333333333334,
      0.0198
    ],
    "extra": [
      0.2225,
      0.14875,
      0.59125,
      0.0375
    ],
    "gb": [
      0.014479372065045161,
      7.981755270634528e-05,
      0.9854407456243249,
      6.475792363849708e-08
    ],
    "svm_linear": [
      0.004335368220111973,
      7.013882266529954e-05,
      0.9955483230843668,
      4.616987285616898e-05
    ]
  },
  "processing_time": 0.365626,
  "feature_time": 0.104277,
  "image_shape": [
    128,
    128
  ],
  "mean_intensity": 122.0714111328125,
  "std_intensity": 77.93670372902245,
  "timestamp": "2025-06-12T06:40:36Z",
  "system_version": "final_v1.0",
  "user": "vkhare2909"
}