{
  "image_name": "detector_test_images\\speckle\\speckle_test_036.png",
  "prediction": "speckle",
  "confidence": 0.8404720232761289,
  "stage1_decision": "speckle",
  "stage1_confidence": 0.88,
  "stage1_info": {
    "intensity_var_correlation": 0.9635612782122445,
    "mean_cv": 0.3252611284535285,
    "num_patches": 36
  },
  "ensemble_probabilities": {
    "rf": [
      0.17893333333333333,
      0.06226666666666666,
      0.7428,
      0.015999999999999997
    ],
    "extra": [
      0.165,
      0.05625,
      0.77375,
      0.005
    ],
    "gb": [
      0.0039162686571325486,
      3.4447498455727764e-08,
      0.9960836687671318,
      2.8128237205839606e-08
    ],
    "svm_linear": [
      0.005561034678767054,
      0.0009461408615390765,
      0.9934610608434588,
      3.17636162348739e-05
    ]
  },
  "processing_time": 0.350414,
  "feature_time": 0.100278,
  "image_shape": [
    128,
    128
  ],
  "mean_intensity": 135.11138916015625,
  "std_intensity": 62.60740269520974,
  "timestamp": "2025-06-12T06:40:36Z",
  "system_version": "final_v1.0",
  "user": "vkhare2909"
}