{
  "image_name": "detector_test_images\\speckle\\speckle_test_027.png",
  "prediction": "speckle",
  "confidence": 0.9478855255044973,
  "stage1_decision": null,
  "stage1_confidence": 0.0,
  "stage1_info": {
    "exact_extreme_ratio": 0.0472412109375,
    "sample_std": 62.45400441725094,
    "decision": "full_analysis_required"
  },
  "ensemble_probabilities": {
    "rf": [
      0.0514,
      0.006,
      0.9426,
      0.0
    ],
    "extra": [
      0.02625,
      0.0125,
      0.96125,
      0.0
    ],
    "gb": [
      7.493973151017893e-06,
      7.668252043932003e-09,
      0.9999924920292731,
      6.329323662826235e-09
    ],
    "svm_linear": [
      0.19987468516314874,
      0.000868299501318334,
      0.7960240249717915,
      0.003232990363741566
    ]
  },
  "processing_time": 0.376717,
  "feature_time": 0.136986,
  "image_shape": [
    128,
    128
  ],
  "mean_intensity": 127.00994873046875,
  "std_intensity": 61.64578726123885,
  "timestamp": "2025-06-12T06:40:36Z",
  "system_version": "final_v1.0",
  "user": "vkhare2909"
}