{
  "image_name": "detector_test_images\\gaussian\\gaussian_test_033.png",
  "prediction": "gaussian",
  "confidence": 0.38849116467396727,
  "stage1_decision": null,
  "stage1_confidence": 0.0,
  "stage1_info": {
    "exact_extreme_ratio": 0.060791015625,
    "sample_std": 93.56004532192148,
    "log_variance": 1.633073662649293,
    "decision": "full_analysis_required"
  },
  "ensemble_probabilities": {
    "rf": [
      0.5258412698412699,
      0.17355555555555555,
      0.08433333333333334,
      0.21626984126984128
    ],
    "extra": [
      0.336,
      0.28,
      0.224,
      0.16
    ],
    "gb": [
      0.017427821628747665,
      0.007863652754196702,
      0.007393561702948569,
      0.9673149639141071
    ],
    "svm_linear": [
      0.992897648223359,
      0.0031458513843047476,
      0.0032727535161422437,
      0.0006837468761943649
    ]
  },
  "detailed_analysis": {
    "log_variance": 1.633073662649293,
    "intensity_variance_correlation": -0.12166235934033386,
    "extreme_pixel_ratio": 0.060791015625,
    "edge_density": 0.1593017578125,
    "ensemble_probabilities": {
      "rf": [
        0.5258412698412699,
        0.17355555555555555,
        0.08433333333333334,
        0.21626984126984128
      ],
      "extra": [
        0.336,
        0.28,
        0.224,
        0.16
      ],
      "gb": [
        0.017427821628747665,
        0.007863652754196702,
        0.007393561702948569,
        0.9673149639141071
      ],
      "svm_linear": [
        0.992897648223359,
        0.0031458513843047476,
        0.0032727535161422437,
        0.0006837468761943649
      ]
    },
    "stage1_info": {
      "exact_extreme_ratio": 0.060791015625,
      "sample_std": 93.56004532192148,
      "log_variance": 1.633073662649293,
      "decision": "full_analysis_required"
    }
  },
  "processing_time": 0.361449,
  "feature_time": 0.217522,
  "image_shape": [
    128,
    128
  ],
  "mean_intensity": 132.42694091796875,
  "std_intensity": 93.55802432341237,
  "timestamp": "2025-06-13T02:02:17Z",
  "system_version": "optimized_ultra_final_v2.0_fast",
  "user": "vkhare2909"
}