{
  "image_name": "detector_test_images\\gaussian\\gaussian_test_005.png",
  "prediction": "gaussian",
  "confidence": 0.8885602535892544,
  "stage1_decision": null,
  "stage1_confidence": 0.0,
  "stage1_info": {
    "exact_extreme_ratio": 0.0,
    "sample_std": 8.011559625940507,
    "log_variance": 0.0038195469860593076,
    "decision": "full_analysis_required"
  },
  "ensemble_probabilities": {
    "rf": [
      0.9247777777777778,
      0.030277777777777775,
      0.003833333333333333,
      0.041111111111111105
    ],
    "extra": [
      0.952,
      0.014,
      0.0,
      0.034
    ],
    "gb": [
      0.9999999750377739,
      8.277677160862448e-09,
      7.798504368709074e-09,
      8.886044535217721e-09
    ],
    "svm_linear": [
      0.29288037607588707,
      0.30366389644697184,
      0.10988511590608159,
      0.29357061157105935
    ]
  },
  "detailed_analysis": {
    "log_variance": 0.0038195469860593076,
    "intensity_variance_correlation": 0.013011016065088851,
    "extreme_pixel_ratio": 0.0,
    "edge_density": 0.00067138671875,
    "ensemble_probabilities": {
      "rf": [
        0.9247777777777778,
        0.030277777777777775,
        0.003833333333333333,
        0.041111111111111105
      ],
      "extra": [
        0.952,
        0.014,
        0.0,
        0.034
      ],
      "gb": [
        0.9999999750377739,
        8.277677160862448e-09,
        7.798504368709074e-09,
        8.886044535217721e-09
      ],
      "svm_linear": [
        0.29288037607588707,
        0.30366389644697184,
        0.10988511590608159,
        0.29357061157105935
      ]
    },
    "stage1_info": {
      "exact_extreme_ratio": 0.0,
      "sample_std": 8.011559625940507,
      "log_variance": 0.0038195469860593076,
      "decision": "full_analysis_required"
    }
  },
  "processing_time": 0.402646,
  "feature_time": 0.224075,
  "image_shape": [
    128,
    128
  ],
  "mean_intensity": 129.477294921875,
  "std_intensity": 8.03146109322129,
  "timestamp": "2025-06-13T02:02:17Z",
  "system_version": "optimized_ultra_final_v2.0_fast",
  "user": "vkhare2909"
}