{
  "image_name": "detector_test_images\\gaussian\\gaussian_test_037.png",
  "prediction": "gaussian",
  "confidence": 0.7500130526152358,
  "stage1_decision": null,
  "stage1_confidence": 0.0,
  "stage1_info": {
    "exact_extreme_ratio": 0.04254150390625,
    "sample_std": 74.54809322283165,
    "log_variance": 1.2533726581334232,
    "decision": "full_analysis_required"
  },
  "ensemble_probabilities": {
    "rf": [
      0.8605555555555556,
      0.07666666666666666,
      0.010666666666666668,
      0.052111111111111115
    ],
    "extra": [
      0.58,
      0.194,
      0.024,
      0.202
    ],
    "gb": [
      0.7007476705008475,
      0.09951082294230848,
      0.09338913704721986,
      0.10635236950962404
    ],
    "svm_linear": [
      0.9963169054557945,
      0.003477350107060286,
      6.852343889504246e-05,
      0.00013722099825017845
    ]
  },
  "detailed_analysis": {
    "log_variance": 1.2533726581334232,
    "intensity_variance_correlation": 0.154228535491963,
    "extreme_pixel_ratio": 0.04254150390625,
    "edge_density": 0.25146484375,
    "ensemble_probabilities": {
      "rf": [
        0.8605555555555556,
        0.07666666666666666,
        0.010666666666666668,
        0.052111111111111115
      ],
      "extra": [
        0.58,
        0.194,
        0.024,
        0.202
      ],
      "gb": [
        0.7007476705008475,
        0.09951082294230848,
        0.09338913704721986,
        0.10635236950962404
      ],
      "svm_linear": [
        0.9963169054557945,
        0.003477350107060286,
        6.852343889504246e-05,
        0.00013722099825017845
      ]
    },
    "stage1_info": {
      "exact_extreme_ratio": 0.04254150390625,
      "sample_std": 74.54809322283165,
      "log_variance": 1.2533726581334232,
      "decision": "full_analysis_required"
    }
  },
  "processing_time": 0.418021,
  "feature_time": 0.230056,
  "image_shape": [
    128,
    128
  ],
  "mean_intensity": 125.64544677734375,
  "std_intensity": 74.3877990071853,
  "timestamp": "2025-06-13T02:02:17Z",
  "system_version": "optimized_ultra_final_v2.0_fast",
  "user": "vkhare2909"
}